Split,WER
train,0.871006509764647
validation,0.9403061224489796
test,1.1985454545454546
