Split,WER
train,0.8798501494296418
validation,0.9438775510204082
test,1.6161764705882353
