Split,WER
train,0.013259432956725645
validation,0.24404761904761904
test,0.044633368756641874
