Split,WER
train,0.012317134689759543
validation,0.24404761904761904
test,0.561965811965812
