Split,WER
train,0.011376224968044312
validation,0.2542517006802721
test,0.5521885521885522
