Split,WER
train,0.8675250479641867
validation,0.8982118294360385
test,1.1586971586971586
