Split,WER
train,0.011725922216658321
validation,0.25255102040816324
test,0.4727272727272727
