Split,WER
train,0.8784073506891271
validation,0.9488095238095238
test,1.493915040183697
