Split,WER
train,0.8953229588573864
validation,1.0113945578231291
test,1.1009564293304994
