Split,WER
train,0.9168488313435346
validation,1.0503401360544218
test,1.9833333333333334
