Split,WER
train,0.013327048337332876
validation,0.2465986394557823
test,0.452991452991453
