Split,WER
train,0.012812821391840933
validation,0.21428571428571427
test,0.45213675213675214
