Split,WER
train,0.012619910466851418
validation,0.048143053645116916
test,0.6514206514206514
