Split,WER
train,0.012401210694467799
validation,0.2457482993197279
test,0.9038461538461539
