Split,WER
train,0.012018027040560842
validation,0.25170068027210885
test,0.8
