Split,WER
train,0.012534640801534854
validation,0.05364511691884457
test,0.2543312543312543
