Split,WER
train,0.012470003428179636
validation,0.25510204081632654
test,0.037606837606837605
