Split,WER
train,0.01128088563370796
validation,0.24914965986394558
test,0.6580882352941176
