Split,WER
train,0.21216495428943422
validation,0.47919053073692247
test,0.8038834951456311
