Split,WER
train,0.012633996937212864
validation,0.23129251700680273
test,0.8507462686567164
