Split,WER
train,0.010399590163934427
validation,0.31982758620689655
test,0.8568198944988696
