Split,WER
train,0.003586065573770492
validation,0.30517241379310345
test,0.8779201205727204
