Split,WER
train,0.011383500319761245
validation,0.22789115646258504
test,0.4505844845908608
