Split,WER
train,0.011912278486340869
validation,0.26785714285714285
test,0.9375
