Split,WER
train,0.008870808260587056
validation,0.2447579107891727
test,0.9166666666666666
