Split,WER
train,0.011570529181555215
validation,0.2534013605442177
test,0.43283582089552236
