Split,WER
train,0.8971282488282915
validation,0.9865646258503401
test,1.628956228956229
