Split,WER
train,0.8836647240315393
validation,0.9350340136054421
test,0.9998290598290598
